{
    "home":{
        "position":{
            "x": -0.23425769,
            "y": 0.221815586,
            "z": 0.0

        },
        "orientation":{
            "x":0.0,
            "y":0.0,
            "z":0.69711465666, 
            "w":0.71695966097
        }
    },

    "dropoff":{
        "position":{
            "x": -0.708799901008606,
            "y": 4.7474358558654785,
            "z": 0.0

        },
        "orientation":{
            "x":0.0,
            "y":0.0,
            "z":-0.9999941527865885, 
            "w":0.003419706512686409
        }
    },

    "base":{
        "position":{
            "x": 1.0359597206115723,
            "y": 3.4895732402801514,
            "z": 0.0
        },

        "orientation":{
            "x": 0.0,
            "y": 0.0,
            "z": -0.9999953464340184,
            "w": 0.0030507556944871436
        }
    
    },

    "pickup":{   
        "position":{
            "x": 2.5800000000000000,
            "y": 3.3596787643432617,
            "z": 0.0

        },
        "orientation":{
            "x":0.0,
            "y":0.0,
            "z":0.709415314304076, 
            "w":0.704790686538102
        }
    }
}
