{
    "home":{
        "position":{
            "x": -0.23425769,
            "y": 0.221815586,
            "z": 0.0

        },
        "orientation":{
            "x":0.0,
            "y":0.0,
            "z":0.69711465666, 
            "w":0.71695966097
        }
    },
    "dropoff":{
        "position":{
            "x": -1.096497253,
            "y": 4.5338619950,
            "z": 0.0

        },
        "orientation":{
            "x":0.0,
            "y":0.0,
            "z":0.73, 
            "w":0.6834
        }
    },
    "pickup":{
        "position":{
            "x": 2.10653619843,
            "y": 2.89254542252,
            "z": 0.0

        },
        "orientation":{
            "x":0.0,
            "y":0.0,
            "z":-0.2556, 
            "w":0.9667
        }
    }
}
