{
    "home":{
        "position":{
            "x": -0.23425769,
            "y": 0.221815586,
            "z": 0.0

        },
        "orientation":{
            "x":0.0,
            "y":0.0,
            "z":0.69711465666, 
            "w":0.71695966097
        }
    }, 
    "dropoff":{
        "position":{
            "x": -1.61,
            "y": -2.55,
            "z": 0.0

        },
        "orientation":{
            "x":0.0,
            "y":0.0,
            "z":0.99, 
            "w":0.05
        }
    },
    "pickup":{
        "position":{
            "x": -0.01,
            "y": 0.107,
            "z": 0.0

        },
        "orientation":{
            "x":0.0,
            "y":0.0,
            "z":0.6, 
            "w":0.79
        }
    }
}
