{
    "wall_1":{
        "position":{
            "x": 1.657105395,
            "y": -0.11735774,
            "z": 1.188621510

        },
        "orientation":{
            "x":0.0,
            "y":0.0,
            "z":0.66143775988, 
            "w":-0.0002265301
        }
    },
    "wall2":{
        "position":{
            "x": -2.969688937,
            "y": 4.8959352583,
            "z": 0.0

        },
        "orientation":{
            "x":0.0,
            "y":0.0,
            "z":1.0, 
            "w":1.0
        }
    }
   
}